time,flux,flux_err
1790.7016961413053,0.9990827872820536,0.00039368324513737853
1790.7225298153282,0.9991046646741443,0.00039378918913762474
1790.7433634877223,0.9995891183648435,0.00039387104296686066
1790.7641971582539,1.0000745623901643,0.00039373867890680196
1790.785030826922,0.9999694968898771,0.00039377951790108776
1790.8058644939608,0.9993874502237607,0.0003935225707303661
1790.826698159137,0.9993230784733705,0.0003946020126083935
1790.847531822916,0.9993277600552171,0.0003937513394346323
1790.8683654850654,0.9995260970707552,0.00039368034376641744
1790.889199145585,0.9996982352340367,0.00039418188530119304
1790.9100328044751,1.0000112710048157,0.0003940616982071378
1790.9308664619682,0.9999585131786217,0.0003937115115241662
1790.9517001178303,1.0002486812226885,0.00039356692653793804
1790.9725337722964,1.0001289407639207,0.00039371146756400014
1790.9933674253657,1.0003740935979244,0.00039406776471005646
1791.014201077038,1.0006266289263788,0.00039376830805873804
1791.0350347270803,1.0005243543691151,0.00039357031147072604
1791.0558683759575,1.0002713688885605,0.00039356371744581444
1791.0767020236717,1.0000062293012886,0.00039364605483687716
1791.097535669756,1.000237607481013,0.00039363875744930833
1791.38920658967,0.999999226615432,0.000390478610327195
1791.4100402185247,0.999311878136134,0.00039079583558487553
1791.4308738462153,0.9992939444017777,0.000390997459416605
1791.4517074727416,0.9999435338379093,0.00039136939082417806
1791.4725410983363,1.0003793194163326,0.0003914721116103574
1791.493374723,0.9999978545875883,0.0003918900931287388
1791.5142083464996,0.999613875476913,0.00039217718287573616
1791.5350419690678,0.9993223173055281,0.0003922879488322087
1791.5558755907048,1.0000453554176452,0.0003926318537282907
1791.5767092114106,0.999384594790446,0.00039273629558490614
1791.5975428311851,0.9993319636628405,0.00039286903537470805
1791.6183764500272,0.9998915097657399,0.00039299004521903817
1791.6392100677062,0.9996310208328738,0.00039299334602829164
1791.6600436846868,0.9996548912039885,0.00039318764817234954
1791.680877300503,1.00015559897255,0.0003933058508370511
1791.7017109156207,0.9997075049254639,0.00039371778172785847
1791.722544529807,1.0004067285675289,0.0003938726317697155
1791.743378143062,1.000230759588033,0.00039404655249948567
1791.7642117553853,0.9999374549431519,0.00039364857711921887
1791.7850453670105,1.0004470920031507,0.0003938768966507969
1791.8058789774716,1.0005709672658325,0.00039377282684701357
1791.826712587467,1.0005316143555922,0.00039400506001435157
1791.8475461962983,1.0000398224699514,0.0003942238056831536
1791.868379804431,1.000043762000226,0.00039418599962586187
1791.8892134116327,1.0005723167922045,0.000394175832351201
1791.910047017903,1.0000798201205254,0.00039416061407349936
1791.9308806234746,1.0001555811589595,0.0003943845508527863
1791.951714228115,1.0004654862502995,0.0003946454407178433
1791.9725478320568,1.0002857904710745,0.0003944334306865491
1791.9933814352996,1.0005152582573134,0.0003942585501376953
1792.0142150376116,0.999771280859765,0.00039459181020874115
1792.0350486389923,0.9998594828212505,0.00039431543765789697
1792.0558822396745,1.0001022819469592,0.0003943478165010572
1792.0767158396582,1.0005983903471116,0.0003945026509630368
1792.0975494389434,1.0007339369123767,0.00039441218407914187
1792.1183830372972,1.0011573463435801,0.00039464606536425
1792.13921663472,1.000668593845572,0.0003944356091018414
1792.1600502316771,1.0004785027811764,0.00039454387670932923
1792.1808838277027,1.0002809479969001,0.00039438518269103713
1792.2017174230305,1.0005809175150377,0.00039428554248324547
1792.222551017427,1.0006023921595397,0.00039444658410843936
1792.243384611357,1.000397203038637,0.00039463680164929097
1792.2642182043558,0.9995572759082231,0.00039437020556081317
1792.2850517966563,0.999882908856753,0.0003945702684595865
1792.3058853882583,1.000371595652512,0.00039422173369165863
1792.3267189791616,1.0005493943830344,0.0003946204397517385
1792.3475525693664,0.9999906854593409,0.0003945335544322362
1792.3683861586399,1.0002106955410106,0.0003945740445749009
1792.3892197474472,1.0003082430583625,0.0003947815850339288
1792.4100533353237,1.0001209090482412,0.00039461399302448495
1792.4308869227345,0.999967593468165,0.0003944738636783039
1792.451720509214,1.000055256740992,0.00039456150538166537
1792.472554094995,1.0003278391011345,0.0003943144814570671
1792.4933876800776,1.0003544130162436,0.00039461082691424123
1792.5142212646947,1.0007051989753093,0.0003949644674247158
1792.5350548483805,0.9997655489544186,0.0003949749188963461
1792.5558884313675,0.9996658016469183,0.0003944363382378355
1792.576722013889,1.000614444695981,0.00039444490443004456
1792.597555595479,1.0002042669547755,0.0003948927077939762
1792.6183891766034,0.9996911546009363,0.00039453264851938805
1792.6392227567974,1.0003355795640296,0.00039444407616148465
1792.6600563365248,1.0006569721541987,0.00039477518843538984
1792.6808899155537,1.0002777678679933,0.0003944176398179747
1792.7017234938842,1.0003696250080203,0.0003943918585531124
1792.7225570715161,0.9998802026608268,0.0003946022380774711
1792.7433906484496,1.0005118711439114,0.0003944881479837812
1792.7642242249176,1.0001584212922845,0.00039447919988106503
1792.7850578004543,1.000040099154665,0.00039509278934472315
1792.805891375525,0.9994710628718811,0.00039453828582544285
1792.8267249498974,1.0002216144701277,0.0003945034207111429
1792.8475585235713,0.9998975182492059,0.00039472615646664045
1792.8683920967794,1.0001735146981168,0.000394572271353924
1792.8892256690563,1.0003448668478814,0.00039444488186086984
1792.9100592408677,0.9992429845687391,0.00039451283514306833
1792.9308928119806,0.9995595764611576,0.0003947781519197032
1792.9517263823948,1.0001992959555217,0.0003952844166023751
1792.9725599523433,0.9999536924786171,0.00039439755274666696
1792.9933935215934,0.999982716950646,0.00039485114121737356
1793.014227090145,0.9996331047876447,0.00039464691861429484
1793.0350606582317,0.9999040082228241,0.00039447907720380334
1793.0558942253863,1.000419934735425,0.00039472950970187513
1793.0767277920752,0.9994289513294791,0.00039483592121645155
1793.0975613582984,1.000582942628043,0.0003944458568069133
1793.1183949238232,0.9997510559603084,0.0003944709903258473
1793.1392284886495,0.9992139525301018,0.0003947039430457642
1793.1600620527774,0.9994032703750904,0.0003944063701193954
1793.1808956164398,0.9998341913172559,0.00039503123520254007
1793.2017291794034,1.0002242651310216,0.0003945618764947517
1793.2225627419014,1.000514554471195,0.0003945556487670439
1793.2433963037008,1.000076813969419,0.0003946150631211255
1793.2642298648027,0.999876897531375,0.0003944023843015588
1793.285063425438,1.000445690604372,0.0003948456260287043
1793.3058969853748,0.9996105204019907,0.00039456555338637756
1793.3267305446132,1.0005781161220293,0.00039470616831810033
1793.3475641033858,0.9997896558488447,0.0003945528105229356
1793.36839766146,0.9999432064974426,0.0003944877216798744
1793.3892312190687,1.0002629554671267,0.00039487486543515087
1793.410064775979,0.9999550056378083,0.00039476988651052466
1793.4308983324233,0.9998336799546562,0.000394685822914768
1793.45173188817,1.0000040751273023,0.0003944540933757335
1793.4725654434503,1.0000727970889411,0.00039490152345203337
1793.493398998032,0.9998783315123267,0.00039466430573118394
1793.5142325519153,1.0001716532279405,0.0003949959246331764
1793.5350661053328,1.0002879884018752,0.0003945134621850535
1793.5558996582856,0.9992868654457246,0.0003945730792862483
1793.576733210539,1.000023622577247,0.000394711079214784
1793.597566762094,1.0004001937302858,0.00039465018462100406
1793.6184003131832,0.9997855499072626,0.00039451569989841224
1793.6392338638068,0.9994943890824022,0.0003945313447587029
1793.660067413732,0.9994958477280432,0.0003944544193538589
1793.6809009629585,1.0002473830082266,0.0003947799008323809
1793.7017345117204,1.0001104616497447,0.0003948041623934163
1793.7225680600156,1.0006772768330277,0.00039504946493836745
1793.7434016076124,0.9998484205211282,0.00039478669994541564
1793.7642351545117,0.9996570756800301,0.00039457169477613016
1793.785068701178,0.999938578746364,0.00039491572540428083
1793.8059022469126,0.9994654271000041,0.00039451826044717365
1793.826735792414,0.999665957650285,0.0003943524247809038
1793.847569337217,0.9995620918400707,0.00039428794987700626
1793.8684028813216,0.9992662144445782,0.00039456749034825735
1793.8892364249602,0.9993330492139183,0.00039488033538803377
1793.910069968134,0.9993782934940004,0.0003945514193930815
1793.9309035106087,0.9998109037693794,0.000394430846489724
1793.9517370526175,0.9998250242331495,0.0003952897239666018
1793.972570593928,0.9999402861121449,0.00039444347632566524
1793.9934041347726,0.9990888147115027,0.00039446956482491475
1794.0142376749197,0.9989725693199175,0.00039464898898140994
1794.0350712148331,0.9991735955031054,0.0003946740266013372
1794.0559047538152,0.9996314268919436,0.00039460442967691043
1794.076738292565,0.9994217969158293,0.0003946597422732834
1794.097571830616,0.9996459612752902,0.00039468851983622986
1794.1184053679683,1.0007161139675702,0.0003945623839554252
1794.1392389050877,0.9998428118377063,0.0003948361473693976
1794.1600724412758,1.0001274556762425,0.00039450800160199735
1794.180905977232,0.9997168358398303,0.0003944467635032243
1794.2017395124888,1.0001827065562157,0.0003944958921657589
1794.2225730472799,0.9999842666946922,0.00039490045723219845
1794.2434065816062,0.9997308544368195,0.00039469182248460225
1794.2642401152332,1.0002610735658801,0.0003946258906683108
1794.2850736481616,0.9999506240096298,0.00039440926360972213
1794.3059071808573,0.9997360067834213,0.0003946270678302626
1794.3267407128544,0.9998538662142837,0.000394799708582793
1794.3475742443868,0.9999733498303289,0.0003945367796755137
1794.3684077752198,0.9998807579474801,0.0003943030694949115
1794.3892413055871,0.9998032871839777,0.0003950828089022753
1794.4100748354897,0.9995776260653699,0.00039452670773438674
1794.4309083649257,1.0002844194108722,0.0003946262496933211
1794.4517418936632,0.9994931613147128,0.00039454724190644456
1794.472575421936,0.9999418147024134,0.0003948794228189896
1794.4934089495093,0.9996697433092527,0.00039446914951847084
1794.5142424768499,1.0000869131680967,0.00039453293570357377
1794.5350760034926,0.9999752830376037,0.00039449940792868804
1794.5559095294363,1.0000332672751369,0.00039454320736656605
1794.576743055147,0.9997710223130004,0.00039442756900894975
1794.5975765801593,0.9996842403144519,0.0003944851676411013
1794.6184101047058,0.9997686921691546,0.0003946553291345824
1794.6392436285548,0.9992694578799108,0.0003947266390149866
1794.66007715217,1.000120895897965,0.0003944479659093292
1794.6809106750868,0.9997676161257677,0.0003946227020070941
1794.701744197306,1.000421200288298,0.00039458088521690104
1794.7225777192914,0.9995804265690728,0.0003944373172865339
1794.7434112405783,0.9995329977328834,0.00039511612257106814
1794.7642447614003,0.9995378510106705,0.00039439143293926534
1794.7850782817561,0.999569522483472,0.00039429312342067476
1794.8059118014132,0.9998527781647336,0.000394328201703079
1794.8267453206054,0.9999051538609026,0.00039432479495474357
1794.8475788393318,0.9995411143065933,0.00039425570758662795
1794.868412357592,0.9994637505217574,0.00039436499711443894
1794.8892458751536,0.9997311883696715,0.00039471632488178
1794.9100793924833,0.9992826732685277,0.0003944148282617354
1794.9309129091137,0.9995315847921101,0.0003945632250964132
1794.9725799407454,0.9999276153848563,0.00039422614512553514
1794.993413455746,0.99986503119556,0.00039438566108011315
1795.0142469702807,1.0006877478512544,0.00039473220884456205
1795.0350804843508,1.000246634313326,0.0003951065690087919
1795.0559139979543,1.0002214049784153,0.00039436389139472193
1795.0767475108594,0.9994109402192463,0.0003943876124439609
1795.0975810235325,1.0000012612954032,0.00039465113080022616
1795.1184145355062,0.9994045042745306,0.0003944707349638327
1795.1392480467814,0.9989775408883289,0.0003942548857150261
1795.1600815578247,1.0002616076055435,0.00039429574859303534
1795.180915068169,0.9995937818724886,0.0003943425884036309
1795.2017485782803,1.0000433099298143,0.0003945435967468955
1795.2225820876931,1.0005160569069642,0.00039456192659007147
1795.2434155964077,0.9996431849961018,0.00039466742460437637
1795.264249104889,0.9998476263303641,0.00039439956780062935
1795.2850826126719,0.9998851627968811,0.00039443547699122
1795.3059161202225,0.9997148543779734,0.00039440021388628704
1795.3267496270748,0.9995384321001958,0.00039466449897314376
1795.3475831334613,0.9995619458858601,0.0003946209358674867
1795.3684166391492,0.9998307446752747,0.00039488663047389043
1795.3892501446046,1.000216879540258,0.0003944254723570418
1795.4100836493606,0.9996292758004257,0.0003943425053929235
1795.4309171536509,0.9999461367552878,0.00039449450264529627
1795.4517506574764,1.0003063717674066,0.0003946194819189948
1795.4725841608358,1.000000773384568,0.00039480869543150873
1795.4934176637291,1.0005490718802548,0.00039456344128337384
1795.514251166157,1.0005891786516328,0.00039508642976037047
1795.5350846678868,0.9999286305741524,0.00039458174534285083
1795.5559181691503,1.0000125659590122,0.0003947692966372181
1795.5767516699484,1.0002942778362631,0.00039440011026009055
1795.5975851702813,0.9998256066276564,0.0003945384226110935
1795.6184186701487,0.9996129275102481,0.0003942447702665205
1795.6392521695495,0.9996106316560689,0.00039459028260709035
1795.660085668252,0.999628091369651,0.00039440919140262023
1795.6809191664895,0.999833513053689,0.0003944869745600709
1795.7017526644938,0.9998688070547096,0.00039475156299511737
1795.7225861617994,1.0002367131683962,0.00039438694818202946
1795.7434196586394,1.000030498735554,0.00039460174346500534
1795.764253154781,0.9999291959751141,0.00039438995230483035
1795.7850866506903,1.0003939181424144,0.00039450143344148947
1795.805920146133,1.0004972910322867,0.0003945142605781848
1795.8267536408773,0.9998305424524435,0.0003945875383800462
1795.8475871351568,1.0009119393364012,0.0003948246554184786
1795.8684206289704,1.000389915311679,0.00039467045080130304
1795.8892541225507,1.000049938549961,0.0003945639688321278
1795.9100876151995,0.9998359701533136,0.00039475950131122995
1795.9309211076159,1.0001267491854111,0.00039449481363217884
1795.951754599567,1.0003187888163398,0.0003945117357743104
1795.9725880910516,1.0000799229763706,0.0003945200014269787
1795.9934215818378,0.9999276416418482,0.00039453962517898753
1796.014255072392,1.0008412396099535,0.00039464517185022665
1796.0350885622477,1.0002043708798223,0.0003948036216047334
1796.0559220516368,0.9998937336830754,0.00039456591055242625
1796.0767555405603,1.0003257532390817,0.000394815334273761
1796.0975890290188,0.9996131630043227,0.0003945298372194603
1796.1184225170116,0.9998777644091109,0.000394680034433123
1796.139256004538,1.0000672667416937,0.000394555841970351
1796.160089491599,1.0003034705321106,0.0003948453581105404
1796.1809229779622,0.9998791877155189,0.0003945563521421008
1796.2017564640926,1.0000509088778777,0.00039440069845130167
1796.222589949524,1.0009642855434158,0.0003943866853094713
1796.2434234347224,1.0000466191501267,0.0003943893983043204
1796.2642569192224,0.9996312063037502,0.0003946323535746172
1796.2850904032568,0.9997095959414943,0.0003946387113714329
1796.3059238868261,0.9992736310905872,0.00039474261393416225
1796.3267573701617,1.0001612676142806,0.0003948622452495592
1796.3475908527987,1.0003567115079162,0.00039474876503419864
1796.368424334971,1.000247888631703,0.0003946315590473316
1796.3892578164446,1.0007443689667572,0.000394841426154536
1796.4100912976853,1.0008446851266204,0.0003946677601921809
1796.4309247784597,1.0002040223199997,0.0003947135024823742
1796.4517582587685,0.999868985303474,0.0003946874385356656
1796.4725917383796,0.9995653499848995,0.0003945261845889822
1796.493425217758,1.0001855989028858,0.0003944475500432966
1796.5142586966701,1.000498461068497,0.00039479119120367124
1796.5350921748836,1.0002426413648031,0.00039473242457534923
1796.5559256526315,1.0004312470602201,0.0003945159215366352
1796.5767591301467,1.0000669580493606,0.00039477377732488166
1796.5975926069639,1.000449074199926,0.00039466048933625226
1796.618426083548,1.0002206084233436,0.0003944219299298591
1796.6392595594332,0.9998971529198676,0.0003949194758670174
1796.6600930348525,1.000414918322761,0.00039436005385091023
1796.6809265098068,1.0000841483410126,0.00039454900881113607
1796.7017599842954,1.0002030428459563,0.0003949574668303784
1796.7225934585515,1.0000915340697818,0.0003946846922639684
1796.7434269321086,0.9997359535883905,0.0003946427998134846
1796.7642604051998,1.000396421570436,0.00039438766054925446
1796.7850938778254,1.0003566456427304,0.0003949064206367203
1796.8059273499855,1.0003939404728412,0.000394648803169427
1796.8267608216804,0.9998830080256687,0.000394381400541514
1796.8475942929097,1.0001232186649123,0.00039455044734235887
1796.8684277636723,1.0009116700264116,0.0003943706969116902
1796.8892612339698,0.9999549030832641,0.0003944533259562799
1796.9100947038028,1.000627016990912,0.0003944703614022603
1796.9309281731691,0.9999880595050149,0.00039469991000189977
1796.95176164207,0.9999587076861077,0.00039434468880677277
1796.9725951105052,1.0008507350841866,0.0003944013564023368
1796.9934285782413,1.0002185345099164,0.0003945216862579398
1797.0142620457443,1.0001052408135394,0.00039448692781529897
1797.0350955127822,1.000266562844746,0.0003949318483806821
1797.0559289793548,1.0001237616118517,0.00039466990611291566
1797.0767624454618,1.0002585451558343,0.0003944742623538771
1797.0975959111026,1.0004601847713406,0.00039511776949879975
1797.1184293762776,0.9998954850444923,0.0003946785108424809
1797.139262840987,1.0004316674851454,0.00039486285989753604
1797.1600963052308,1.0003998220776151,0.0003946134007450405
1797.1809297690095,1.000055846375144,0.0003949936115363978
1797.2017632323225,1.0005292313314411,0.0003948791651287627
1797.2225966951694,1.0005060315417824,0.0003945858628050149
1797.243430157551,0.9999356802095073,0.0003943202843650043
1797.2642636194662,0.9998473420708558,0.000394532537548292
1797.2850970809156,0.9998760674279734,0.0003946535398902807
1797.3059305421332,0.9998777121047644,0.00039474361336855454
1797.326764002652,1.000852196164956,0.00039441697067745554
1797.3475974627052,0.9998168552741138,0.00039460717251431685
1797.3684309222929,1.0003784372827302,0.0003947197872515594
1797.3892643814145,1.000472048985176,0.00039449564670277035
1797.410097840303,1.0001601352497393,0.00039464516820852756
1797.430931298493,1.0002987407973016,0.0003948172728102493
1797.4517647564505,1.0003689660825084,0.0003944694167938947
1797.47259821371,1.0011347180163765,0.00039495688307420015
1797.4934316707365,0.9998184892392803,0.00039466504540941396
1797.5142651270642,1.0001209534784383,0.0003945223215629863
1797.5350985831594,1.0001644658557713,0.00039531280413120643
1797.5559320387888,1.000107116451059,0.000395041486976604
1797.5767654937192,1.0005237688746726,0.0003947953892386532
1797.5975989484166,0.9992065661208993,0.0003945999926629622
1797.618432402649,1.0005286622810443,0.00039471991216187915
1797.6392658564157,1.000128061049233,0.0003955170761958708
1797.660099309717,1.0005102620017865,0.00039479838418717347
1797.6809327625522,0.9997712631481455,0.0003945900753865798
1797.7017662149221,1.0006307063956505,0.00039478508201912753
1797.7225996670593,1.0001579546600614,0.0003950282411885488
1797.743433118497,0.9999774504932822,0.00039473584595622587
1797.764266569469,1.0005217118653806,0.0003947689587142056
1797.7851000202093,0.9998882700136484,0.00039482184274597013
1797.8059334704833,1.0000167538765192,0.0003949568402825634
1797.8267669200593,0.9997361163390066,0.00039495731308527985
1797.8476003694022,0.9998350929987834,0.000395409647095282
1797.8684338182795,1.0003005468656916,0.0003950250851948565
1797.8892672666914,0.9997727516494478,0.00039485074816219244
1797.9101007146373,0.999814060985436,0.0003948962133542499
1797.9309341621176,0.999652565833407,0.00039501443397577774
1797.9517676093644,0.9999217907623271,0.00039485881600192325
1797.9726010559127,0.999505127658874,0.0003951256227441797
1797.993434502229,0.9996375934747461,0.0003952523693856301
1798.014267947847,0.9998206285127085,0.00039523993474554114
1798.0351013932316,0.9993256042161239,0.00039517702123833393
1798.055934838151,0.999409670448927,0.00039511968838114325
1798.0767682826047,0.9993196350818989,0.00039529138315483407
1798.0976017265923,1.0006245043811028,0.0003950541876802873
1798.1184351703475,0.9995250304658181,0.00039526546867787803
1798.1392686134043,0.9998663488326742,0.00039530975858861233
1798.1601020562277,0.9998857348031586,0.00039569475518433025
1798.180935498585,1.0000270410281908,0.00039520837221747047
1798.2017689402442,0.9998722383362484,0.0003950634868612088
1798.2226023816709,1.0001224207194503,0.0003955833185754382
1798.243435822865,0.9995119844716766,0.0003956544568732393
1798.2642692633603,1.0000060970188838,0.00039570490341894895
1798.285102703623,1.0002086895774314,0.0003952994080694906
1798.3059361431872,1.0008526167965734,0.00039530614281971493
1798.3267695825182,1.0004476065192873,0.0003962880720944744
1798.347603021384,0.999860127883552,0.0003951646177764653
1798.368436459784,0.9995635442739728,0.00039577851723933416
1798.389269897951,0.99949136325931,0.00039550816713280145
1798.4101033354198,0.9997386891183075,0.0003953427753871052
1798.4309367726557,1.0002683615610095,0.000395621201062209
1798.4517702094265,0.9998864014813589,0.00039565764190499373
1798.4726036457316,0.999781389637087,0.0003955590761541948
1798.4934370815697,0.999837437028649,0.0003952862713322623
1798.514270517175,0.99965703076807,0.00039601602923136284
1798.5351039520826,0.9997182119472456,0.0003957121215986212
1798.5559373867573,1.0001781678761634,0.0003956509913198806
1798.5767708209662,1.0001049304272913,0.0003955744414649901
1798.5976042549426,0.9995185645925787,0.00039544960985320816
1798.6184376882202,0.9999147352584311,0.00039567897040781666
1798.639271121265,1.0000883087135173,0.0003958021009298964
1798.6601045538443,1.0004064753873012,0.0003957203271355119
1798.6809379859578,1.0007523569498646,0.0003957598104991226
1798.7017714178385,1.0005940181490274,0.0003962055466091158
1798.7226048490209,0.9994152699738312,0.00039595797140142214
1798.74343827997,1.0001662288407758,0.00039609850441492015
1798.7642717106867,0.999964259970066,0.0003960928282827829
1798.785105140705,0.9995168408233946,0.0003961999739250563
1798.8059385704898,1.000244413268942,0.00039664632956846183
1798.8267719998096,1.0001372863343985,0.0003964403205712281
1798.8476054286637,0.9999634902931853,0.00039652805061793193
1798.8684388570516,1.000026691964493,0.0003962854473792903
1798.8892722852072,1.0001849101298885,0.0003959962320859902
1798.9101057128971,0.9996989976398518,0.0003965398166674894
1798.9309391403538,1.0003790775988757,0.00039645137841186004
1798.9517725671124,0.9994995286924401,0.00039637642872271525
1798.972605993638,0.9999626832620677,0.0003963000742280689
1798.9934394196978,1.0001902850885982,0.00039722372858954036
1799.014272845525,0.9998959432598333,0.0003966536985852832
1799.0351062708864,0.9996501907391946,0.00039663120925190534
1799.0559396957817,0.9992776658997984,0.00039719615157624564
1799.076773120211,0.9998930708939511,0.0003970913334191371
1799.097606544408,0.999326474976678,0.0003968245347425477
1799.11843996814,0.9996195940391672,0.00039691719830435833
1799.1392733916389,0.9993627878107376,0.00039711380868865705
1799.1601068146717,1.000110645941793,0.0003971009028704544
1799.1809402372394,0.9991173090735684,0.000397473774925698
1799.22260708121,0.9995130998031737,0.000397160017058985
1799.2434405026136,0.9996659604063962,0.0003972003612567123
1799.2642739237842,0.9996730640273286,0.000397646911987177
1799.2851073444888,1.000380715500457,0.0003972466970035797
1799.305940764961,0.999925352795013,0.00039731854427146743
1799.3267741847344,0.9999429012146513,0.0003970995555193344
1799.3476076045079,0.999846543936586,0.00039727293418301214
1799.368441023583,0.9997877987960438,0.00039728103760578977
1799.3892744424252,0.9998174116232823,0.00039763630111068157
1799.4101078610345,1.0001419647361116,0.00039768557179689943
1799.4309412789455,0.9991544166267147,0.0003977194229952279
1799.451774696856,1.000071189486886,0.0003976875074489118
1799.4726081140686,0.9994511941502244,0.000398550904234501
1799.4934415312812,1.000289693732027,0.00039812012267430384
1799.5142749477948,0.9994303706896487,0.0003984415634467541
1799.5351083640767,0.9997825613305767,0.000398599662207411
1799.5559417801257,1.0000036611698437,0.00039862526000228706
1799.576775195708,0.999445851814355,0.00039864571865913127
1799.597608611058,0.9994045903714123,0.00039839269545129607
1799.6184420259422,0.9995664045564189,0.00039873601972571885
1799.6392754403603,0.9996732467099766,0.0003989491715096074
1799.660108854546,0.9997761325304341,0.0003989494689974287
1799.680942268499,0.9997913855276903,0.00039881607948801597
1799.7017756819857,0.999754365798339,0.0003994156686254073
1799.7226090952402,0.9998047140968069,0.00039931408861597595
1799.7434425080287,1.0004600547741356,0.0003995767577817139
1799.7642759205844,0.9995142984863895,0.0003998838001930733
1799.7851093326747,0.999633125270561,0.0004003497050851536
1799.8059427445319,1.0000660561362686,0.0004006751573000778
1799.8267761561563,0.9997927784901882,0.00040090997683536967
1799.8476095673152,0.9996212648040657,0.00040089301774513125
1799.868442978241,0.9996425693640092,0.00040070379870432254
1799.8892763887013,0.9995508683853527,0.0004008444290903566
1799.910109798929,0.9997695824047654,0.000400721199403682
1799.9309432089233,0.9997564344248098,0.00040141345343838166
1799.9517766184524,1.000157622014776,0.00040108800263177026
1799.9726100277487,0.9996965857081549,0.00040146490820725824
1799.9934434368126,0.9999377136331561,0.00040177666226342564
1800.014276845411,0.9998875964358602,0.00040213577695858
1800.0351102537759,1.0004018022460708,0.00040202410779512077
1800.0559436619076,1.0001632834843146,0.0004029066408724574
1800.076777069807,1.0001664389643892,0.00040271387364430573
1800.097610477241,1.000017899966733,0.0004028738006297377
1800.1184438844423,1.000400303256621,0.0004030438331922476
1800.1392772914103,0.9998668584420494,0.0004034805832287887
1800.1601106979126,0.9998395229258206,0.00040332397693452614
1800.1809441044145,1.000070866704089,0.0004030538052509737
1800.2017775104512,0.9998393842066373,0.0004029729413468091
1800.2226109162548,0.9995122614374994,0.000403317831827473
1800.2434443218256,1.0003393340348485,0.00040313434284996243
1800.2642777271637,0.9998563806406158,0.0004032736735421378
1800.2851111322689,0.9999402690999075,0.0004034235930774292
1800.3059445369083,1.00001210355545,0.00040351060180016107
1800.326777941548,0.9989086940830726,0.00040411531621243496
1800.3476113457218,1.000056898264006,0.00040416160123150013
1800.3684447498956,1.0002907844602893,0.0004042339833988292
1800.389278153604,1.000487423796428,0.0004047884416537229
1800.4101115573128,0.9999574320296511,0.00040564366511420554
1800.430944960556,1.00039475818383,0.0004059708168643309
1800.4517783635658,1.00050188067816,0.00040613383656959423
1800.4726117665753,0.9997576675835789,0.00040623236391448716
1800.4934451693523,1.0006051949212178,0.0004068504419681866
1800.5142785716637,1.0005619778750336,0.0004073692767724727
1800.5351119739746,1.0007447791957917,0.00040768764710202404
1800.5559453760532,0.9999900495164676,0.00040823793986818506
1800.5767787778989,1.0007770343102684,0.0004085122037124731
1800.5976121797441,1.000435202485483,0.0004089773127987064
1800.6184455811242,1.0006310604322322,0.00040923431313159836
1800.639278982504,1.0003216245874298,0.0004096461337895196
1800.660112383652,1.0006246472426819,0.0004099979432581091
1800.6809457847996,1.0008582122238456,0.000410893158879584
1800.701779185481,1.0000595932085972,0.0004115175736247859
1800.7226125861623,1.0003734205482802,0.00041341973166870066
1800.7434459868439,1.000753831545564,0.00041458553271797637
1800.7642793872924,1.0003263647885017,0.00041532395633200083
1800.785112787508,1.0003973589191624,0.0004167670195851087
1800.805946187724,1.0006686387042005,0.0004177622766557717
1800.8267795879394,0.999663453918693,0.0004185876026575224
1800.8476129879232,0.999768466134616,0.0004191705084306
1800.868446387674,1.0004517465804466,0.0004198930777557911
1800.889279787424,1.0002898098525363,0.00042031387360467993
1800.9101131871741,0.9988495189982181,0.00042068072104383644
1800.9309465869244,0.9998353012597058,0.0004213659507927747
1800.9517799864414,0.9999446451851702,0.00042174760581236657
1800.9726133861916,0.9999028346471833,0.00042257777221008433
1800.993446785709,0.99982629655803,0.0004235597716153906
1803.472625578622,0.9997985888457237,0.00039451899063653787
1803.4934589779073,1.0006561117460657,0.0003948399544174987
1803.514292375329,1.0005657866980355,0.0003946199015274501
1803.5351257711216,1.0002544185008246,0.00039488508502062475
1803.5559591650515,0.9990889633287863,0.0003944619512778055
1803.5767925571183,0.9997339515970421,0.0003946564188337079
1803.5976259475553,0.9992435101800107,0.00039430965561856
1803.618459336363,0.9994564888506196,0.0003945507049900216
1803.639292723308,0.9999804271077906,0.0003945967053091828
1803.6601261088556,0.9995277432360207,0.0003942978520996638
1803.7226262559532,0.9994393734018667,0.0003943689963790327
1803.7434596354476,0.9998315576710575,0.00039449958663169616
1803.7642930133122,0.9997694069382422,0.0003946905889625631
1803.7851263897794,1.0003449867068728,0.00039472230438976976
1803.8059597648491,0.9997584357942991,0.00039451390117896677
1803.826793138523,1.000372558305965,0.00039442688698176
1803.8476265108,0.9998220356820308,0.0003947580565743178
1803.8684598816787,0.9996774780421711,0.00039492809495493417
1803.8892932513945,0.9998572804361883,0.0003943381428020983
1803.9101266197133,0.9995251749115994,0.0003944773571660788
1803.9309599868668,0.9989861603447284,0.0003944318515141574
1803.9517933526245,0.9990214395368852,0.00039487990952887496
1803.972626717218,1.000413558702878,0.00039443707016491205
1803.9934600806462,0.9998309675616963,0.00039436114376069673
1804.0142934426785,0.9994903230856957,0.0003947469290485057
1804.0351268037796,0.9992374180347335,0.0003944600220765952
1804.0559601634825,0.9998251959968502,0.00039455241354501935
1804.076793522255,1.0005046681673975,0.000394790263439851
1804.0976268796308,0.9999228968573798,0.0003944129293065098
1804.1184602360743,1.0001264749577865,0.0003948412281680351
1804.1392935913543,0.9994999405034981,0.00039447928558838333
1804.1601269454704,0.9995836299688519,0.00039443065625714837
1804.1809602986543,0.999627572555275,0.00039446049234212146
1804.2017936506747,1.0002387764644416,0.00039445699350043416
1804.2226270015312,0.9998031418985365,0.0003945134654628671
1804.2434603514555,0.999885016728524,0.0003945154287011077
1804.2642937002163,0.9993504588476526,0.0003944569091471806
1804.2851270482788,0.9994469466216562,0.0003945287783812738
1804.3059603949434,1.0001677294254077,0.00039460671703843105
1804.3267937409103,0.9999109561998853,0.00039446537032991174
1804.3476270857132,0.9996301818205802,0.00039441904940394997
1804.3684604295838,0.9998457691651195,0.0003948740939329107
1804.3892937725238,1.0000196306622067,0.00039459312091188635
1804.4101271145328,0.999773281151192,0.0003947772714782648
1804.4309604556095,1.0003191873893083,0.0003943741493961014
1804.4517937957555,0.9994683089474721,0.00039476499777189834
1804.4726271347376,0.9995963634799524,0.00039523096988937763
1804.4934604730213,1.0002964345472305,0.0003944869441538265
1804.5142938103734,1.0001108176028704,0.0003949245526552158
1804.5351271467932,1.0001231427491184,0.0003943771228955647
1804.555960482283,1.000092573655086,0.0003949793437369616
1804.5767938168412,1.0002401534369845,0.0003944743209426202
1804.5976271507,1.0005273765738179,0.000394232435445918
1804.6184604833957,1.000065754902727,0.00039479202242667454
1804.6392938153929,1.0000026048596,0.00039454725287159555
1804.6601271464576,1.000015763472659,0.0003945190992911119
1804.6809604768257,1.0003442646803007,0.00039455890943553213
1804.7017938062625,1.0000254041712322,0.0003948150706699927
1804.722627134767,1.0001139191961286,0.00039447101197163475
1804.743460462573,1.0002094701122577,0.000394830812709092
1804.7642937894473,0.9998917473957575,0.00039460585724298034
1804.7851271156235,1.0002852950244747,0.0003945683481915391
1804.8059604408684,0.9997223709598126,0.00039420235770111294
1804.8267937654143,1.0008517646385773,0.0003944106815412218
1804.8476270890294,1.0000143118185427,0.00039487528415383646
1804.868460411946,0.9998894766201966,0.0003954212464251207
1804.8892937339313,1.0002480311944217,0.0003944569104316798
1804.910127055218,1.0004596047474277,0.000394456301536569
1804.9309603758059,0.9998381423614039,0.0003944913689153992
1804.9517936954628,1.0004107736656918,0.0003944181196033797
1804.9726270144213,1.0004851204747396,0.0003943153589763298
1804.993460332448,0.9998695644350535,0.00039421049753968803
1805.0142936500094,1.0000349914098372,0.00039487801063687976
1805.0351269666396,1.0005126059172613,0.0003949316958596058
1805.0559602823387,0.9999783443535089,0.0003944975810816761
1805.076793597572,1.0002326201308918,0.00039433072515317625
1805.097626911873,1.000168628947078,0.00039432653773392186
1805.1184602254766,0.999210705581668,0.0003942960896270328
1805.1392935383817,1.0007332297613103,0.0003945835023772038
1805.160126850588,1.0003926628644304,0.0003944665775213508
1805.180960162096,1.0003137239894162,0.00039436863662738815
1805.201793472672,1.0002571146733839,0.0003947043462765384
1805.2226267825502,1.0002132089766194,0.00039443194418417284
1805.2434600919626,0.9998900820240338,0.00039423857374125843
1805.2642934004436,0.999742848986277,0.0003942318106135624
1805.2851267082262,1.000505683553222,0.00039466743786527444
1805.30596001531,1.0000397555518339,0.00039434160814860107
1805.3267933216955,1.0002071737554734,0.0003950014936355299
1805.3476266273826,1.0003014723017547,0.0003943364361542711
1805.3684599323715,0.9996458744677357,0.0003944773905159838
1805.3892932366618,0.9996179541971114,0.0003947228527324435
1805.4101265402535,1.000345364786036,0.0003944017615899813
1805.4309598431466,1.0004728444103,0.00039480954581211364
1805.4517931453408,1.000099441051665,0.00039462547571521804
1805.472626446837,1.0005658407484095,0.00039439291884545125
1805.4934597476347,0.9998619600536403,0.00039488488723247425
1805.5142930479667,1.000642180029678,0.0003943495188922085
1805.5351263473674,1.0002415951833805,0.00039501250594099676
1805.5559596460691,1.0003418401573563,0.00039496539116780745
1805.5767929443057,1.000317508669149,0.00039459178171425357
1805.5976262418437,1.0005503031983474,0.0003946243639440577
1805.6184595384505,1.000649615186499,0.00039462730357589753
1805.6392928345917,1.000369583060228,0.00039438540730199625
1805.6601261300345,1.000752847848182,0.0003949697220149338
1805.6809594250115,1.0005017310949893,0.00039476188335989357
1805.7017927190564,1.0002513531774049,0.0003944294345055772
1805.7226260126365,1.0001840635192574,0.00039431056112662274
1805.743459305518,0.9996787765233628,0.00039465832004596633
1805.764292597701,1.0009132490446788,0.00039473014385319567
1805.7851258891853,1.0004420049926368,0.0003944206546707849
1805.8059591799713,1.0001138168027182,0.00039447114549633235
1805.8267924702918,1.0006598801902202,0.00039485833533159425
1805.8476257599139,1.0000963044527955,0.0003945741700800978
1805.8684590488372,0.9996975547943765,0.00039456265999884637
1805.8892923372941,0.9992478168990031,0.00039464059034837563
1805.9101256248207,1.0000919933997376,0.0003945938227940204
1805.9309589118814,1.0002022046912855,0.00039466337823684843
1805.9517921984764,0.9993065020338102,0.0003947005239046188
1805.97262548414,1.0001165501491944,0.00039482697815564646
1805.993458769338,0.9997327579756974,0.0003944493037157481
1806.0142920538378,0.9989592781805952,0.0003946951631730883
1806.035125337872,0.9993028504665501,0.00039490461560513643
1806.0559586212073,0.9993295126659364,0.00039442672509019505
1806.0767919038442,0.9997238601866864,0.00039533373362573307
1806.0976251857826,0.9996677970800727,0.00039453432149847356
1806.1184584672549,0.9989906693117455,0.00039432448847428954
1806.139291748029,1.0004930205995521,0.0003947767999075003
1806.1601250283377,1.0000268868418132,0.0003947209416467143
1806.1809583079478,1.0006339945082907,0.0003945295359346113
1806.2017915868596,0.9996782464259174,0.00039459352211780515
1806.2226248653058,1.000359519096276,0.00039458543358859025
1806.2434581430537,1.0005672614136005,0.00039462466060233
1806.2642914201035,1.0000512044670662,0.00039436691284926514
1806.2851246966868,0.9998887991932188,0.0003943521260671968
1806.3059579728044,0.9997096802456691,0.000394579553627789
1806.326791247991,0.9996692086302793,0.00039454734327974917
1806.3476245227118,0.9998353042839033,0.00039496300805618643
1806.3684577969668,1.0004323278350087,0.0003946014568616716
1806.3892910705233,0.9998513428270963,0.00039444333354187247
1806.4101243433813,1.000342521488974,0.00039455439524004184
1806.4309576157737,1.0003776213062483,0.00039484736148342743
1806.4517908877006,0.9996935083082632,0.00039435915755833584
1806.472624158929,1.000618892267542,0.0003949447292464607
1806.4934574294587,1.0003553810204378,0.00039458146527555243
1806.5142906995227,1.0000864909265048,0.0003948060252353375
1806.5351239688882,0.9995641113865712,0.00039466548042740743
1806.5559572375548,1.0001983707485598,0.00039468224184336547
1806.576790505989,1.0005260645413445,0.00039442412199338647
1806.597623773492,1.0005887541218526,0.0003949914667005044
1806.618457040762,1.0001167376293099,0.000394770083867704
1806.639290307101,1.0000847365624617,0.0003949107906256177
1806.6601235729743,1.0009830366332468,0.0003953077256984128
1806.6809568383817,1.000642688901166,0.00039518251934413324
1806.7017901030906,1.0006284671690553,0.0003944403342949354
1806.7226233673339,0.9997563090923939,0.000394862154379818
1806.7434566308787,0.9999651374893469,0.0003944966061288251
1806.764289893958,1.0003128845735463,0.0003946879170978634
1806.7851231563388,1.0004573394654994,0.0003956408283240596
1806.8059564182538,1.000165323085423,0.0003945456876130477
1806.826789679703,1.0002384769167185,0.00039442668236368234
1806.847622940454,1.0006911054761434,0.00039455762502515665
1806.8684562005062,1.0001513027056976,0.0003945869737604717
1806.8892894600938,1.0005811196020418,0.0003948171612916082
1806.9101227192148,1.0015769009732836,0.0003948217401805912
1806.9309559776373,1.000229552806942,0.0003946227642143243
1806.9517892355943,1.0003732414019915,0.00039437355416442393
1806.972622492853,0.9995791019168777,0.0003951701960330756
1806.9934557496456,1.0002912044936823,0.0003944490548489909
1807.0142890059726,1.0003493969395925,0.0003945254059372393
1807.0351222616011,0.9996076700470652,0.0003950087002188045
1807.055955516764,1.0005932246910216,0.0003946490075860648
1807.0767887712286,1.000086964524438,0.000394545106578913
1807.0976220252276,1.0003695076071666,0.0003943425096497302
1807.1184552787606,0.9996845299886749,0.0003943490109535669
1807.1392885315952,1.000080643128415,0.00039479342546693794
1807.160121783964,1.0008578552266938,0.0003947156905710087
1807.1809550356345,1.000331176441566,0.00039532089340225046
1807.2017882868395,1.0004586309818242,0.00039460289576703875
1807.2226215375788,1.0007426391649301,0.00039445582230434776
1807.2434547876194,1.0000355510092596,0.0003946322780683113
1807.2642880371943,1.000383380665862,0.00039447190941051854
1807.2851212860708,1.0002857352244559,0.00039520880179280606
1807.3059545347144,1.0002108690934446,0.0003947338864362603
1807.3267877826604,1.0007204200298419,0.0003947489848202556
1807.347621029907,1.00069651111822,0.00039463573546501984
1807.368454276688,0.999326235036066,0.0003943377792912712
1807.3892875230035,1.0005840665612034,0.0003946379878294756
1807.4101207686206,1.0002304092291623,0.00039463646762885433
1807.4309540140046,1.0000573263701242,0.0003946155829227601
1807.4517872584572,0.999917278622356,0.00039468084736514334
1807.472620502677,1.0000295971507922,0.00039495653216187237
1807.4934537461984,1.000110987416407,0.000394406123561477
1807.5142869892543,0.9995161393987898,0.0003947044463754843
1807.5351202316117,1.000210041041787,0.0003946780202053879
1807.5559534735037,1.000253343978139,0.00039432425207637734
1807.5767867149298,0.9992041420906145,0.0003944066933323237
1807.5976199558902,1.0000117276603178,0.00039487926539030896
1807.618453196152,1.0008592785016261,0.00039489143792672323
1807.639286435948,1.0003312941379465,0.00039457626685846864
1807.6601196752783,1.0005672164973742,0.00039505958194473954
1807.6809529139102,1.0005598939192266,0.000395051350677676
1807.7017861520767,0.999806601902911,0.00039468713322639645
1807.7226193897775,0.9996215947098448,0.000394757924545752
1807.74345262678,1.0007339757860654,0.000394789453844921
1807.7642858633167,0.9999943365611577,0.00039481334417262935
1807.7851190993877,0.9998598483878459,0.0003946319654360227
1807.8059523349932,1.0002023837599658,0.00039491901564232633
1807.8267855699007,1.0003372221911802,0.00039471667877148133
1807.8476188043417,1.0001139266806687,0.00039467897710014605
1807.868452038317,1.0001337207688736,0.00039510295654824755
1807.8892852718275,1.0001773333110742,0.00039489277334257865
1807.9101185046386,1.0005955016722063,0.00039470575384763804
1807.930951736984,1.0005472216771647,0.00039474510455435275
1807.951784968864,0.9998760211150886,0.00039448884967200893
1807.9726182000456,0.9999684899568424,0.0003948383531694937
1808.0142846610122,0.9995323118799593,0.00039454804290758877
1808.0351178907965,0.9997127123243315,0.0003945107388918408
1808.0559511201152,0.9996825559969941,0.0003944971012512018
1808.0767843487354,0.9992772049183056,0.0003949180715543572
1808.09761757689,0.9999753218703828,0.00039482707109450067
1808.118450804579,1.0000478706463816,0.00039465720305882813
1808.13928403157,0.9999710561124654,0.0003945589356562104
1808.1601172580947,0.9999950427930524,0.0003946853253841825
1808.180950484154,1.000140756139509,0.0003953683083364836
1808.264283383269,1.0002236461437635,0.0003945904967767888
1808.3476162742347,1.0000886757475846,0.0003947404335830143
1808.3684494956372,0.9990700691929434,0.00039469566090077375
1808.389282716574,0.9995973091792922,0.00039469389616101275
1808.410115937045,1.0010253783684084,0.000395189272150073
1808.4309491568179,1.0001052029268647,0.0003946211713270219
1808.4517823763583,1.0003481485691508,0.00039505563156269505
1808.4726155951996,0.9998097352512154,0.00039455622654440884
1808.4934488135755,0.9995873506248842,0.00039473567421532935
1808.5142820312528,1.0001121644051791,0.0003952433505996338
1808.5559484654436,0.9997605186838469,0.00039513216945158766
1808.576781681724,1.0000277786081602,0.00039497684569176164
1808.5976148975385,1.0001915954387524,0.0003946169118239771
1808.618448112888,0.9993941942006385,0.0003946712232568208
1808.6392813277714,1.0000081575914141,0.0003948424271445434
1808.660114541956,1.0009822685543959,0.0003947925803322307
1808.680947755908,1.0003112298309784,0.0003948769131641007
1808.7017809691613,0.9992116468329164,0.0003946337172600314
1808.743447394272,0.9999662458676493,0.0003947458856836218
1808.7642806058955,1.0000472590080942,0.00039462540410908925
1808.785113817287,1.0000611413725637,0.00039477032676263124
1808.8059470279793,0.999439592946979,0.00039469346096608133
1808.8267802382059,0.9997070382019152,0.000394560194470115
1808.8476134479668,1.0002926925964104,0.00039469791654339213
1808.8684466572622,1.0002171174188392,0.0003948168632356744
1808.8892798660925,0.9993589590904609,0.0003945310771767986
1808.9101130742235,0.9990788770314911,0.00039556883028789633
1808.930946282122,1.0001892062279911,0.00039484028737853685
1808.9517794893225,1.0003903843548327,0.00039486142502862903
1808.9726126960566,0.9996059926413954,0.0003946795783702212
1808.9934459023252,0.9997660888748557,0.0003947523138962172
1809.0142791081287,0.9993420470931481,0.0003947474317801553
1809.0351123134658,0.9991663347576639,0.0003947358683478549
1809.0559455183375,0.9998565867581907,0.00039502576321934706
1809.076778722511,1.0000224875323855,0.0003953058184516
1809.0976119262184,0.9995935381679945,0.00039489087604883136
1809.118445129693,0.9998108384374427,0.00039488170780628616
1809.1392783324693,1.000048984829922,0.00039492743296993025
1809.1601115347796,0.9998796909685165,0.00039471233178809285
1809.1809447366252,0.9998018048633004,0.00039463077476087675
1809.2017779377713,1.0003697797565405,0.00039520986728925375
1809.2226111386847,1.0000534214719115,0.0003951029792643694
1809.2434443391332,0.9997435219407506,0.0003946960089258171
1809.2642775388824,1.0000461466314936,0.0003946396005606784
1809.285110738166,1.0002013554079932,0.00039498429669256144
1809.3059439369847,0.999890670156171,0.0003951650949061292
1809.3267771355697,0.9997351161058612,0.0003948097658424259
1809.347610333457,1.0002877935953576,0.00039473191589144423
1809.3684435308794,1.000288538364096,0.00039475394580438204
1809.3892767276018,1.000403808944346,0.0003950476970019538
1809.4101099240913,1.0005670860940314,0.00039485681677684
1809.4309431201161,0.9998776079772579,0.00039504619686753353
1809.4517763154415,1.0000889185496014,0.00039483861006532123
1809.472609510534,0.9999596950414995,0.00039486314173386023
1809.493442704929,0.9999987296557703,0.0003951160365566765
1809.5142758988575,1.0000635586943651,0.00039505561712190946
1809.535109092553,1.000156714904403,0.0003951015246152856
1809.555942285551,1.0002050883255529,0.0003947614268355955
1809.5767754780825,1.0001042084285638,0.0003947810884576242
1809.5976086701482,1.0002445129284188,0.0003946100650937242
1809.6184418617493,1.0001893980790837,0.0003950581957423092
1809.6392750526509,0.9998536497525584,0.00039478626810296675
1809.6601082433197,1.0005120048222622,0.00039469073219999644
1809.6809414335237,0.9997710601533568,0.00039487105130314563
1809.7017746232618,1.000123095283081,0.0003949485817380639
1809.722607812301,0.9997644725994195,0.00039488892490502467
1809.7434410011072,0.9999164111118964,0.000394713755674091
1809.7642741892155,0.9999164948694265,0.00039481009206925277
1809.7851073770905,1.0006160960920372,0.0003950986274872193
1809.8059405642668,0.9996306519484277,0.0003954582531196873
1809.8267737509782,0.9994794505451995,0.00039465497806773485
1809.8476069372234,0.9998953825591866,0.00039541196641071146
1809.8684401232356,1.000023203749843,0.0003947847059511166
1809.88927330855,0.9996930877072973,0.0003945255523667007
1809.9101064933982,0.9991235473496975,0.0003950085157786016
1809.9309396777805,0.9999194222256561,0.0003949833413533873
1809.951772861698,0.9999603668541653,0.0003949195280974415
1809.9726060451496,0.9993179273659322,0.00039482423882463525
1809.993439228135,0.9996836148110037,0.00039464992566649865
1810.014272410655,0.9997097102674815,0.00039500864587479453
1810.0351055927097,0.9996909568839837,0.0003949660983778547
1810.055938774298,0.9992861711313485,0.00039485467806404744
1810.076771955421,0.9997692785145793,0.00039469978469129424
1810.0976051360788,1.0001205992071536,0.00039494560951648503
1810.1184383160382,0.9995721759037104,0.0003950207422510055
1810.139271495764,0.9992770678944823,0.00039528478115279466
1810.160104675024,0.9997946170443113,0.000395039885905059
1810.1809378538194,0.9997640452703488,0.0003949092346657721
1810.2017710321481,0.9994325779630797,0.00039483855598616504
1810.2226042097784,0.9996957023332466,0.00039491666224701004
1810.2434373871768,0.9997896894395986,0.0003947994664236312
1810.2642705641094,1.0001971129170917,0.00039488532744201695
1810.2851037405756,1.000264221123826,0.0003950603846917797
1810.3059369163432,0.9997585462277314,0.00039472760419540165
1810.3267700918789,0.9998242447079634,0.00039490619753428693
1810.347603266948,0.9997482549712376,0.0003949659524096635
1810.3684364415515,0.9998484535629929,0.00039524164059972464
1810.3892696156902,1.0001524704048501,0.00039501419235159327
1810.41010278913,0.9998069339144604,0.00039485335262771595
1810.4309359623367,0.9996749354201887,0.00039476791048887003
1810.4517691350777,1.0000264726781396,0.0003948793297530539
1810.4726023073533,0.9999046744950019,0.0003949487259598072
1810.4934354791637,1.000499690286194,0.0003949247713897861
1810.5142686505076,1.0000958649224312,0.0003952023552335818
1810.5351018213858,0.9996301801360723,0.00039517802559734005
1810.5559349917992,0.9999665388900174,0.00039488909161197755
1810.576768161746,0.9995466940211379,0.0003947212581021546
1810.5976013312272,0.9999212429421278,0.00039521131280996437
1810.6184345002437,0.9997563064055438,0.00039516623798507286
1810.6392676687944,0.9999407172872663,0.00039568698671585477
1810.6601008368787,1.0001273483505129,0.0003950086414395806
1810.6809340044972,0.9999844622515146,0.00039528925133258056
1810.7017671718838,1.0001934435098137,0.000395309255825806
1810.7226003385717,0.9999125289692873,0.0003951859001106178
1810.7434335047935,0.9998611727773132,0.00039527632480000326
1810.7642666707823,1.000467771159791,0.0003951320717277069
1810.7850998360732,0.9995649627676331,0.00039544347187616346
1810.8059330011313,1.000084292152103,0.00039515197980370627
1810.8267661654902,1.0003630237114345,0.0003954017015421524
1810.8475993296165,0.9994479767521954,0.0003950237904232282
1810.8684324932776,0.9999969160659348,0.00039512293335114813
1810.8892656564733,1.0002859978768057,0.00039498990373605756
1810.910098819203,1.0004475210263482,0.0003954362752218441
1810.9309319814672,0.9998355627971943,0.00039519296446718824
1810.951765143266,0.999775538946252,0.0003956966159673619
1810.9725983045987,0.9996269264213149,0.00039526330843825646
1810.9934314654658,0.9998149700494814,0.0003951016121387224
1811.0142646260995,0.9996104088042559,0.00039556769879058946
1811.0350977860348,1.0001974472394566,0.00039537367957553877
1811.0559309457378,0.9996733309517417,0.0003952145408871523
1811.0767641047426,1.0000759917908948,0.00039519711215039543
1811.0975972635135,0.9998551119560094,0.0003953337415437056
1811.1184304218189,1.0004206999265566,0.00039546952402708975
1811.1392635796594,1.000329088375078,0.0003954283297465038
1811.1600967370343,1.000095609645945,0.0003955032252155561
1811.1809298939427,0.9992787321874825,0.0003953960467012014
1811.2017630503854,1.0002109427031944,0.00039541229658994346
1811.222596206596,1.0003534776890197,0.00039540361817620235
1811.243429362108,0.9998313464946439,0.0003957231926296961
1811.2642625173874,0.9999389027218079,0.0003952259170359267
1811.2850956722002,1.0000524588218673,0.000395492910108212
1811.3059288265474,0.9999489100403128,0.00039534729810697443
1811.3267619804299,1.0006341622484174,0.0003952670196782697
1811.3475951338467,1.0003245487662833,0.0003956095166501744
1811.3684282870297,0.9992546963823726,0.00039552170010484543
1811.3892614395143,0.9999194283744944,0.0003955270773823829
1811.410094591767,1.0009955072675512,0.0003963037048038307
1811.4309277435534,0.9997470135867694,0.000395705662609263
1811.4517608948747,1.0005383694866032,0.00039545612941939906
1811.4725940457295,0.9996452181454099,0.0003955144119995397
1811.4934271961188,0.9999666384406268,0.0003955531715897103
1811.5142603462757,0.9998591930622897,0.00039573293490101157
1811.5350934959672,0.9999300017339479,0.0003955799440589872
1811.5559266451928,1.0002687004156805,0.00039575265231044945
1811.5767597939523,0.9997493416086852,0.0003954568654701108
1811.597592942246,0.9998486796219915,0.0003954755716444734
1811.6184260900745,0.999642180251616,0.0003956808500416316
1811.6392592376703,1.0004159796203373,0.00039558787202823297
1811.6600923848007,0.9998444866234083,0.0003959457414020065
1811.6809255314645,1.0000945378504615,0.0003959513045055814
1811.7017586776626,0.9999964550148951,0.0003959029813931452
1811.7225918236288,1.0001960481221424,0.00039587609089591707
1811.7434249691291,1.0000114202011738,0.00039583688462075344
1811.7642581141638,1.0003958934219395,0.0003959813485130979
1811.785091258732,1.0002448643599766,0.00039569573047344714
1811.805924402835,1.000355961470214,0.00039625327753217574
1811.8267575467055,0.9999230994557446,0.00039620637764610397
1811.8475906901106,1.0001052329524251,0.0003958089349758414
1811.86842383305,0.9994242882963154,0.0003960561645227268
1811.8892569755233,0.9997778917543062,0.00039605009640741347
1811.9100901177635,1.0003525799591484,0.00039613163784307873
1811.930923259538,0.999453133578117,0.0003962743350137391
1811.9517564008472,1.0008806327678472,0.00039588940430283277
1811.972589541924,0.9997313965997427,0.0003959549152068096
1811.9934226823023,0.9995927625567395,0.0003961659504962368
1812.0142558224468,1.0004183782023968,0.0003964177953455909
1812.0350889623585,0.9998045197306991,0.0003964093150597196
1812.0559221015726,0.9995648248538519,0.0003968135252968945
1812.0767552405534,0.9998125022905107,0.00039734431840912973
1812.097588379069,1.0001424021797996,0.00039650042485568914
1812.1184215173519,0.9991654906147218,0.0003966528993254872
1812.139254655168,0.9998957064296786,0.0003971767111860176
1812.1600877925187,0.9999508588965574,0.0003963490901766824
1812.1809209294045,0.9999355177045637,0.00039680498741327533
1812.2017540660572,0.9994753180322326,0.00039658408785383923
1812.2225872024771,1.0004623331855131,0.0003965797194031891
1812.2434203381988,0.9996971844736467,0.000396671394265724
1812.2642534736867,0.9995928136919092,0.0003966275430395421
1812.285086608709,1.0000210693117513,0.000396999096834092
1812.3059197434993,1.0003148471361845,0.00039700500624267253
1812.3267528778238,0.9997459458288627,0.0003968984158014132
1812.3475860116826,0.9994951327621393,0.00039688518764619473
1812.3684191453087,0.9997704623990544,0.0003971211777161063
1812.3892522784683,1.0003776429940658,0.0003969942518717548
1812.4100854113951,1.0000431406048438,0.0003972473535009573
1812.4309185438572,0.9997643134803685,0.0003974276772454419
1812.4517516758533,0.9994424432452576,0.0003971675340703579
1812.4725848076175,1.0002234476480671,0.00039726676440113133
1812.514251069981,1.0001099318281286,0.0003973394427774276
1812.5350842005794,0.9999245761356417,0.0003970099296791172
1812.555917330945,0.9998310694770316,0.0003973355003965173
1812.576750460846,0.9995685363928295,0.0003969276215299365
1812.5975835902807,0.9998323123385686,0.0003969806997433105
1812.618416719716,0.9999749340813264,0.00039741814530703894
1812.6392498484527,1.0004346396823476,0.0003977441911999275
1812.6600829769561,0.9992078699036203,0.00039766312970204796
1812.6809161052265,1.0002411798024782,0.00039816077408768886
1812.7017492330313,0.9996188860322357,0.00039818694231865775
1812.7225823606034,0.9997834039811733,0.0003984730386486266
1812.7434154877103,0.9993988880304708,0.00039843520781687297
1812.7642486143516,1.0003401908468157,0.0003983163871855974
1812.7850817409926,1.0004916579051688,0.00039834597829084664
1812.805914867168,0.9999966424012248,0.00039879679057439407
1812.826747992878,0.9999791487689697,0.00039823297595741557
1812.8475811183541,0.9993241760836058,0.0003984256281421803
1812.8684142435975,0.9998890921720811,0.00039859678178549173
1812.8892473683761,0.9999801201325442,0.00039871950344419965
1812.9100804929217,0.9993622275229221,0.00039864111156671727
1812.9309136172344,0.9993696925884713,0.0003983387168580035
1812.9517467410817,0.9999775839672579,0.0003983607429190722
1812.972579864696,0.9991506683737479,0.00039835200118235135
1812.9934129878445,0.9996584365395439,0.0003986717622597946
1813.0142461109924,0.999519740572778,0.00039970372065123433
1813.0350792336749,0.9996032706414419,0.0003990351021045989
1813.055912356125,1.000061812931595,0.0003994257790151519
1813.0767454781096,0.9998422246133084,0.0003998189896326432
1813.0975785998614,0.9998370322749224,0.0003997440921396012
1813.11841172138,1.0001437725197344,0.00040021666704801286
1813.1392448426661,0.999663424311186,0.0004002004867854562
1813.1600779637195,0.9998121887975567,0.00040055765833906697
1813.1809110843062,1.000117306833846,0.00040045116605299846
1813.2017442046601,1.0000358422617817,0.0004007782146882571
1813.2225773247822,1.0003345091838047,0.000400525087439766
1813.2434104446709,0.9999071973304938,0.0004005993085316048
1813.2642435643272,1.000093060255542,0.00040070646813824596
1813.2850766837507,0.9995457524162528,0.0004009577201691107
1813.3059098029412,0.999572745414825,0.0004011700764766899
1813.4100753949344,0.9997048017704983,0.0004022578514356258
1813.430908512495,1.0001863873140486,0.0004024515052865977
1813.4517416300557,1.000394590800744,0.0004023141481923189
1813.4725747473838,0.999916784855956,0.0004026153698785113
1813.4934078644787,1.0007910188507751,0.00040274593955900263
1813.514240981341,1.0002636690221645,0.000402939716245342
1813.5350740979704,1.0000659622106838,0.0004030937199006192
1813.5559072145998,1.0000892950268854,0.0004034162810765695
1813.5767403307634,1.0000432276506723,0.00040370130903782215
1813.6184065628574,1.0002231454655623,0.0004042500061305772
1813.6392396787876,1.0004530573322366,0.000404915546928549
1813.6600727944858,1.0003758588806113,0.00040582058874387325
1813.6809059099512,1.0006371991077894,0.00040644923438794294
1813.7017390254161,1.0009063349460545,0.0004083647589812098
1813.7225721406487,1.0009372825715954,0.00040820856875798956
1813.7434052558813,1.0010307304563848,0.0004087927452507481
1813.7642383708805,1.001510742015253,0.0004096824024713767
1813.7850714858803,1.001002416522295,0.0004101534344197782
1813.8267377154139,1.0008171637020793,0.00041055213990946315
1813.8475708301805,1.0002188279045727,0.0004109053172719312
1813.8684039447146,1.000374507365386,0.0004105402996141065
1813.8892370592478,1.0013785273604552,0.0004106225119134348
1813.910070173781,1.0006499953726689,0.00041120513667836263
1813.930903288315,1.0013821074238252,0.0004117266894221218
1813.951736402616,1.001171697262162,0.0004125007954299621
1813.9725695171499,1.0008124786621047,0.00041381646251028014
1813.993402631684,1.000129706567394,0.000414227499829271
1814.0142357462178,1.0002908120110665,0.00041584698478015373
1814.0350688605197,1.0003913379123608,0.00041785152913217585
1814.055901975287,0.9991756112114593,0.0004192882118704594
1814.076735089821,0.999804907206934,0.00042062009787399837
1814.0975682045876,0.9991368508591566,0.00042181410997634006
1814.1184013193545,0.9994424737081535,0.0004230298431157232
